epoch,loss,val_loss
0,0.22355277859975423,0.23660443723201752
