{"input_nodes": {"max_power": {"max": 7662.034359046058, "min": 1512.630654354896}, "eff": {"max": 0.925765133468561, "min": 0.7111466171199398}, "Vrms": {"max": 60.391465213714326, "min": 14.378803847898729}, "Torque_ripple": {"max": 0.6200207410946851, "min": 0.016646867204780626}}, "input_nodes_quantity": 4, "output_nodes": {"am": {"max": 90.0, "min": 50.0}, "delta": {"max": 70.0, "min": 10.0}, "R1": {"max": 4.2, "min": 0.0}, "wmt": {"max": 3.0, "min": 2.0}, "wmw": {"max": 12.0, "min": 10.0}}, "output_nodes_quantity": 5, "training method": "ANN", "quantity of data": 3154, "epochs": 1000, "motor name": "4kw_motor"}